﻿<?xml version="1.0" encoding="utf-8" ?>
<request>
    <SigProfiles>
        <SigProfile>
            <fieldName>newFieldDefault</fieldName>
            <x>50</x>
            <y>620</y>
            <width>225</width>
            <height>75</height>
            <pageNumber>1</pageNumber>
            <visible>true</visible>
            <title>CEO</title>
            <showTitle>true</showTitle>
            <dateFormat>MM/dd/yyyy</dateFormat>
            <timeFormat>hh:mm tt</timeFormat>
            <signer>false</signer>
            <date>false</date>
            <graphicalImage>true</graphicalImage>
        </SigProfile>
        <SigProfile>
            <fieldName>SampleField</fieldName>
            <x>370</x>
            <y>120</y>
            <width>165</width>
            <height>55</height>
            <pageNumber>-1</pageNumber>
            <visible>true</visible>
            <title>CEO</title>
            <showTitle>true</showTitle>
            <dateFormat>MM/dd/yyyy</dateFormat>
            <timeFormat>hh:mm tt</timeFormat>
            <signer>true</signer>
            <date>true</date>
            <graphicalImage>true</graphicalImage>
        </SigProfile>
    </SigProfiles>
    <SignReasons>
        <signReason>I am the author of the document</signReason>
        <signReason>I Approve the document</signReason>
    </SignReasons>
    <RejectReasons>
        <rejectReason>Not approved due to budgetary constrains</rejectReason>
        <rejectReason>Legal opinion required</rejectReason>
        <rejectReason>Management approval required</rejectReason>
    </RejectReasons>
    <Logic>
        <changePass>false</changePass>
        <uploadImage>false</uploadImage>
        <isWorkflowMode>true</isWorkflowMode>
        <allowAdHoc>true</allowAdHoc>
        <enforceReason>false</enforceReason>
        <allowUserReason>true</allowUserReason>
        <workingMode>push</workingMode>
        <verify>false</verify>
    </Logic>
    <Url>
        <finishURL>http://localhost:54007/testApp.aspx</finishURL>
        <fileUploadURL>http://localhost:54007/testApp.aspx</fileUploadURL>
        <notificationHandleURL>http://localhost:54007/messages.aspx</notificationHandleURL>
    </Url>
</request>